{
    "classification_report": {
        "0": {
            "precision": 0.8947368421052632,
            "recall": 1.0,
            "f1-score": 0.9444444444444444,
            "support": 17.0
        },
        "1": {
            "precision": 1.0,
            "recall": 0.8461538461538461,
            "f1-score": 0.9166666666666666,
            "support": 13.0
        },
        "accuracy": 0.9333333333333333,
        "macro avg": {
            "precision": 0.9473684210526316,
            "recall": 0.9230769230769231,
            "f1-score": 0.9305555555555556,
            "support": 30.0
        },
        "weighted avg": {
            "precision": 0.9403508771929824,
            "recall": 0.9333333333333333,
            "f1-score": 0.9324074074074074,
            "support": 30.0
        }
    },
    "confusion_matrix": [
        [
            17,
            0
        ],
        [
            2,
            11
        ]
    ],
    "probabilities_summary": {
        "mean": 0.47393158078193665,
        "std": 0.1431519240140915,
        "min": 0.26005107164382935,
        "max": 0.7453450560569763
    }
}