{
    "accuracy": [
        0.6131386756896973
    ],
    "auc": [
        0.6797511577606201
    ],
    "loss": [
        0.6376442313194275
    ],
    "precision": [
        0.578125
    ],
    "recall": [
        0.5873016119003296
    ],
    "val_accuracy": [
        0.7333333492279053
    ],
    "val_auc": [
        0.7946428060531616
    ],
    "val_loss": [
        0.589070737361908
    ],
    "val_precision": [
        0.800000011920929
    ],
    "val_recall": [
        0.5714285969734192
    ],
    "learning_rate": [
        0.0010000000474974513
    ]
}