{"epoch": [1, 2, 3, 4, 5, 6, 7, 8, 9, 10], "accuracy": [0.5182482004165649, 0.49635037779808044, 0.6204379796981812, 0.5328466892242432, 0.5766423344612122, 0.5474452376365662, 0.5912408828735352, 0.5036496520042419, 0.5620437860488892, 0.5620437860488892], "val_accuracy": [0.5333333611488342, 0.5333333611488342, 0.46666666865348816, 0.46666666865348816, 0.46666666865348816, 0.5, 0.5666666626930237, 0.5666666626930237, 0.46666666865348816, 0.5666666626930237], "loss": [5.981762886047363, 7.246257781982422, 5.865438461303711, 5.741455554962158, 5.028139591217041, 4.6098103523254395, 4.358810901641846, 4.11965274810791, 3.9609360694885254, 3.999924659729004], "val_loss": [6.428102970123291, 5.180696487426758, 4.834991931915283, 4.8864264488220215, 4.329750061035156, 4.1342058181762695, 4.011929988861084, 3.9598405361175537, 3.838273525238037, 3.7696924209594727], "recall": [], "val_recall": [], "precision": [], "val_precision": [], "auc": [], "val_auc": []}