{
    "learning_rate_effect": {
        "0.001": 0.927860697110494
    },
    "batch_size_effect": {
        "16": 0.927860697110494
    },
    "dropout_effect": {
        "0.2": 0.927860697110494
    },
    "training_time_correlation": 0.9060675119459732
}