{
    "learning_rate_effect": {
        "0.001": 0.9253731369972229
    },
    "batch_size_effect": {
        "16": 0.9253731369972229
    },
    "dropout_effect": {
        "0.2": 0.9253731369972229
    },
    "training_time_correlation": 0.5519798222761233
}